<?xml version="1.0" encoding="UTF-8"?>
<project-private xmlns="http://www.netbeans.org/ns/project-private/1">
    <editor-bookmarks xmlns="http://www.netbeans.org/ns/editor-bookmarks/2" lastBookmarkId="0"/>
    <open-files xmlns="http://www.netbeans.org/ns/projectui-open-files/2">
        <group>
            <file>file:/D:/esiee/E4/S1/P2/Technologie%20web%20avec%20JEE/JSP/web/TechSupport.jsp</file>
            <file>file:/D:/esiee/E4/S1/P2/Technologie%20web%20avec%20JEE/JSP/web/response.jsp</file>
            <file>file:/D:/esiee/E4/S1/P2/Technologie%20web%20avec%20JEE/JSP/web/register.jsp</file>
            <file>file:/D:/esiee/E4/S1/P2/Technologie%20web%20avec%20JEE/JSP/src/java/TechSupport/TechSupportBean.java</file>
            <file>file:/D:/esiee/E4/S1/P2/Technologie%20web%20avec%20JEE/JSP/web/regform.jsp</file>
            <file>file:/D:/esiee/E4/S1/P2/Technologie%20web%20avec%20JEE/JSP/web/redirect.jsp</file>
            <file>file:/D:/esiee/E4/S1/P2/Technologie%20web%20avec%20JEE/JSP/web/WEB-INF/jsp/index.jsp</file>
            <file>file:/D:/esiee/E4/S1/P2/Technologie%20web%20avec%20JEE/JSP/web/techSupport.html</file>
        </group>
    </open-files>
</project-private>
