<?xml version="1.0" encoding="UTF-8"?>
<project-private xmlns="http://www.netbeans.org/ns/project-private/1">
    <editor-bookmarks xmlns="http://www.netbeans.org/ns/editor-bookmarks/2" lastBookmarkId="0"/>
    <open-files xmlns="http://www.netbeans.org/ns/projectui-open-files/2">
        <group>
            <file>file:/D:/esiee/E4/S1/P2/Technologie%20web%20avec%20JEE/BDD/web/index.html</file>
            <file>file:/D:/esiee/E4/S1/P2/Technologie%20web%20avec%20JEE/BDD/src/java/BDDServlet.java</file>
        </group>
    </open-files>
</project-private>
